name,dedication,county,lat,lng,dove
Leicester,Cathedral Church of St Martin,Leicestershire,52.63474,-1.13703,https://dove.cccbr.org.uk/tower/12250
Leicester,St Margaret,Leicestershire,52.64026,-1.13653,https://dove.cccbr.org.uk/tower/10495
Leicester,St Mary de Castro,Leicestershire,52.63219,-1.14051,https://dove.cccbr.org.uk/tower/13828
Almondsbury,St Mary Virgin,Gloucestershire,51.55419,-2.57335,https://dove.cccbr.org.uk/tower/13610
Ewerby,St Andrew,Lincolnshire,53.01109,-0.32982,https://dove.cccbr.org.uk/tower/10801
Nottingham,St Mary Virgin,Nottinghamshire,52.95115,-1.14293,https://dove.cccbr.org.uk/tower/10637
Derby,St Luke,Derbyshire,52.95222,-1.1488,https://dove.cccbr.org.uk/tower/16699
Derby,Cathedral Church of All Saints,Derbyshire,52.92478,-1.47779,https://dove.cccbr.org.uk/tower/16607
Derby,St Peter,Derbyshire,52.92028,-1.4764,https://dove.cccbr.org.uk/tower/10354
Nottingham,St Peter,Nottinghamshire,52.95222,-1.1488,https://dove.cccbr.org.uk/tower/16058
Rainhill,St Ann,Merseyside,53.41575,-2.76408,https://dove.cccbr.org.uk/tower/11111
Alford,St Wilfrid,Lincolnshire,53.26164,0.18054,https://dove.cccbr.org.uk/tower/11928
Stapleford,St Helen,Nottinghamshire,52.93144,-1.27489,https://dove.cccbr.org.uk/tower/13959
Wollaton,St Leonard,Nottinghamshire,52.95288,-1.22031,https://dove.cccbr.org.uk/tower/12674
Bassingham,St Michael and All Angels,Lincolnshire,53.12703,-0.64464,https://dove.cccbr.org.uk/tower/15669
Legbourne,All Saints,Lincolnshire,53.33907,0.05236,https://dove.cccbr.org.uk/tower/10892
Leeds,Minster Church of St Peter,West Yorkshire,53.79532,-1.53601,https://dove.cccbr.org.uk/tower/13165
Backwell,St Andrew,Somerset,51.41171,-2.73039,https://dove.cccbr.org.uk/tower/11245
Axbridge,St John Baptist,Somerset,51.28773,-2.81653,https://dove.cccbr.org.uk/tower/16482
Liverpool,Our Lady and St Nicholas - Pier Head,Merseyside,53.40703,-2.9951,https://dove.cccbr.org.uk/tower/13309
Wallasey,St Nicholas,Merseyside,53.42945,-3.07161,https://dove.cccbr.org.uk/tower/12836
Wallasey,St Hillary,Merseyside,53.42162,-3.06005,https://dove.cccbr.org.uk/tower/16553
Wragby,All Saints,Lincolnshire,53.28648,-0.29961,https://dove.cccbr.org.uk/tower/12824
Sutterton,St Mary Blessed Virgin,Lincolnshire,52.90207,-0.09105,https://dove.cccbr.org.uk/tower/14739
Addlethorpe,St Nicholas,Lincolnshire,53.19628,0.32008,https://dove.cccbr.org.uk/tower/11106
Hinckley,St Mary,Leicestershire,52.54054,-1.37188,https://dove.cccbr.org.uk/tower/11995
Thurlaston,All Saints,Leicestershire,52.58713,-1.26054,https://dove.cccbr.org.uk/tower/15906
Desford,St Martin,Leicestershire,52.62685,-1.29449,https://dove.cccbr.org.uk/tower/12700
Wanlip,Our Lady and St Nicholas,Leicestershire,52.69318,-1.11073,https://dove.cccbr.org.uk/tower/11699
Oakham,All Saints,Rutland,52.67109,-0.72889,https://dove.cccbr.org.uk/tower/14688
Waddington,St Michael,Lincolnshire,53.16581,-0.54137,https://dove.cccbr.org.uk/tower/16243
Harmston,All Saints,Lincolnshire,53.14871,-0.54725,https://dove.cccbr.org.uk/tower/12433
Caythorpe,St Vincent,Lincolnshire,53.02614,-0.60144,https://dove.cccbr.org.uk/tower/13483
Alton,St Peter,Staffordshire,52.9783,-1.89194,https://dove.cccbr.org.uk/tower/14384
Ranmoor,St John,South Yorkshire,53.37232,-1.5215,https://dove.cccbr.org.uk/tower/16286
Sheffield,Cathedral Church of St Peter and St Paul,South Yorkshire,53.38312,-1.4692,https://dove.cccbr.org.uk/tower/13787
Rotherham,Minster Church of All Saints,South Yorkshire,53.43096,-1.35654,https://dove.cccbr.org.uk/tower/11336
Rotherham,St Anthony Coptic Orthodox Church,South Yorkshire,53.43401,-1.34923,https://dove.cccbr.org.uk/tower/15197
Bath,Abbey Church of St Peter and St Paul,Somerset,51.38144,-2.35875,https://dove.cccbr.org.uk/tower/11365
Walesby,All Saints Old Church,Lincolnshire,53.41611,-0.28899,https://dove.cccbr.org.uk/tower/16848
Bradfield,St Nicholas,South Yorkshire,53.42898,-1.5997,https://dove.cccbr.org.uk/tower/11773
Wickham Market,All Saints,Suffolk,52.15229,1.36392,https://dove.cccbr.org.uk/tower/10293
Hexham,Abbey Church of St Andrew,Northumberland,54.9716,-2.10259,https://dove.cccbr.org.uk/tower/16213
Ovingham,St Mary Virgin,Northumberland,54.9679,-1.86899,https://dove.cccbr.org.uk/tower/12130
Shiplake,St Peter and St Paul,Oxfordshire,51.49801,-0.89603,https://dove.cccbr.org.uk/tower/16036
Gosforth,All Saints,Northumberland,55.00374,-1.62477,https://dove.cccbr.org.uk/tower/12171
Enfield,St Andrew,Greater London,51.65303,-0.08229,https://dove.cccbr.org.uk/tower/14416
Roborough,St Peter,Devon,50.9359,-4.02681,https://dove.cccbr.org.uk/tower/10519
Ashreigney,St James,Devon,50.90575,-3.95177,https://dove.cccbr.org.uk/tower/12205
Enfield,St Mary Magdalene,Greater London,51.65419,-0.09741,https://dove.cccbr.org.uk/tower/12186
Cranleigh,St Nicolas,Surrey,51.14172,-0.48657,https://dove.cccbr.org.uk/tower/13316
Welton,St Mary,Lincolnshire,53.30517,-0.48383,https://dove.cccbr.org.uk/tower/15517
Radley,St James the Great,Oxfordshire,51.69071,-1.24642,https://dove.cccbr.org.uk/tower/16360
Houghton Regis,All Saints,Bedfordshire,51.90482,-0.52134,https://dove.cccbr.org.uk/tower/10873
Durham,"Cathedral Church of Christ, Blessed Virgin Mary, and St Cuthbert",Durham,54.77351,-1.57616,https://dove.cccbr.org.uk/tower/16115
Totternhoe,St Giles,Bedfordshire,51.87774,-0.56574,https://dove.cccbr.org.uk/tower/13097
Ludlow,St Laurence,Shropshire,52.36823,-2.71867,https://dove.cccbr.org.uk/tower/10168
West Tarring,St Andrew,West Sussex,50.82463,-0.39591,https://dove.cccbr.org.uk/tower/10647
Goring by Sea,St Mary,West Sussex,50.81297,-0.42479,https://dove.cccbr.org.uk/tower/12969
South Shield,St Hilda,Tyne and Wear,54.99681,-1.43737,https://dove.cccbr.org.uk/tower/12219
Beeston,St John Baptist,Nottinghamshire,52.92542,-1.21675,https://dove.cccbr.org.uk/tower/14670
Bristol,Cathedral Church of Holy and Undivided Trinity,Bristol,51.45179,-2.60132,https://dove.cccbr.org.uk/tower/10300
Wylam on Tyne,St Oswin,Northumberland,54.97704,-1.82389,https://dove.cccbr.org.uk/tower/16762
Ockley,St Margaret,Surrey,51.15341,-0.34754,https://dove.cccbr.org.uk/tower/10310
Dorking,St Martin,Surrey,51.23274,-0.33249,https://dove.cccbr.org.uk/tower/16625
Betchworth,St Michael and All Angels,Surrey,51.23364,-0.26734,https://dove.cccbr.org.uk/tower/16325
Merstham,St Katharine,Surrey,51.26875,-0.15214,https://dove.cccbr.org.uk/tower/11596
Horley,St Bartholomew,Surrey,51.16984,-0.17597,https://dove.cccbr.org.uk/tower/13647
Dowland,St Peter,Devon,50.87451,-4.03676,https://dove.cccbr.org.uk/tower/14917
Over,St Mary,Cambridgeshire,52.3179,0.01203,https://dove.cccbr.org.uk/tower/10652
Rampton,All Saints,Cambridgeshire,52.29253,0.09305,https://dove.cccbr.org.uk/tower/16801
Willingham,St Mary and All Saints,Cambridgeshire,52.31463,0.05914,https://dove.cccbr.org.uk/tower/16597
Willingham,Millcroft Campanile,Cambridgeshire,52.307771,0.063402,https://dove.cccbr.org.uk/tower/25261
Cottenham,All Saints,Cambridgeshire,52.29653,0.13215,https://dove.cccbr.org.uk/tower/14338
Longstanton,All Saints,Cambridgeshire,52.27804,0.049,https://dove.cccbr.org.uk/tower/11562
Cambridge,St Mary the Great,Cambridgeshire,52.2053,0.11797,https://dove.cccbr.org.uk/tower/13748
Newcastle,St John Baptist,Tyne and Wear,54.97009,-1.61604,https://dove.cccbr.org.uk/tower/12945
Cambridge,St Clement,Cambridgeshire,52.20909,0.1179,https://dove.cccbr.org.uk/tower/17550
Chester,Cathedral Church of Christ and Blessed Virgin Mary,Cheshire,53.1916,-2.88939,https://dove.cccbr.org.uk/tower/15972
Great Livermere,St Peter,Suffolk,52.30818,0.76364,https://dove.cccbr.org.uk/tower/11953
Ampton,St Peter,Suffolk,52.30702,0.73573,https://dove.cccbr.org.uk/tower/16426
Ingham,St Bartholomew,Suffolk,52.30165,0.71936,https://dove.cccbr.org.uk/tower/14922
Trumpington,St Mary and St Michael,Cambridgeshire,52.17386,0.10825,https://dove.cccbr.org.uk/tower/10245
Swaffham Bulbeck,St Mary,Cambridgeshire,52.23645,0.27597,https://dove.cccbr.org.uk/tower/13661
London,"St Michael, Cornhill",City of London,51.51321,-0.08565,https://dove.cccbr.org.uk/tower/16131
Little Shelford,All Saints,Cambridgeshire,52.14418,0.12242,https://dove.cccbr.org.uk/tower/11637
Hadstock,St Botolph,Essex,52.0791,0.27309,https://dove.cccbr.org.uk/tower/12790
Burwell,St Mary Blessed Virgin,Cambridgeshire,52.26966,0.32783,https://dove.cccbr.org.uk/tower/13607
"Devizes, Southbroom",St James,Wiltshire,51.35267,-1.98597,https://dove.cccbr.org.uk/tower/12466
Heddington,St Andrew,Wiltshire,51.39487,-2.00255,https://dove.cccbr.org.uk/tower/14284
Bremhill,St Martin,Wiltshire,51.45604,-2.03081,https://dove.cccbr.org.uk/tower/14244
Hilmarton,St Lawrence,Wiltshire,51.477,-1.9728,https://dove.cccbr.org.uk/tower/14469
Chiseldon,Holy Cross,Wiltshire,51.51827,-1.73172,https://dove.cccbr.org.uk/tower/10449
Wroughton,St John the Baptist and St Helen,Wiltshire,51.52105,-1.80322,https://dove.cccbr.org.uk/tower/14647
Lyneham,St Michael,Wiltshire,51.50753,-1.96719,https://dove.cccbr.org.uk/tower/15954
Avebury,St James,Wiltshire,51.42861,-1.85804,https://dove.cccbr.org.uk/tower/14799
Swainswick,Blessed Virgin Mary,Somerset,51.41419,-2.35157,https://dove.cccbr.org.uk/tower/15089
Bathampton,St Nicholas,Somerset,51.39737,-2.32183,https://dove.cccbr.org.uk/tower/12062
Widcombe,St Matthew,Somerset,51.37629,-2.35214,https://dove.cccbr.org.uk/tower/15243
West Lavington,All Saints,Wiltshire,51.27641,-1.99238,https://dove.cccbr.org.uk/tower/15243
Great Cheverell,St Peter,Wiltshire,51.28787,-2.02932,https://dove.cccbr.org.uk/tower/15545
Rowde,St Matthew,Wiltshire,51.36285,-2.03312,https://dove.cccbr.org.uk/tower/16312
Devizes,St Mary,Wiltshire,51.35347,-1.99299,https://dove.cccbr.org.uk/tower/14906
Nottingham,All Saints,Nottinghamshire,52.96018,-1.16152,https://dove.cccbr.org.uk/tower/16412