name,dedication,county,number_bells,lat,lng,first_visit,dove
Longstanton,All Saints,Cambridgeshire,8,52.2781033,0.0492078,,https://dove.cccbr.org.uk/tower/11562
Oakington,St Andrew,Cambridgeshire,6,52.2632296,0.0717343,20/05/2023,https://dove.cccbr.org.uk/tower/15878
Swavesey,St Andrew,Cambridgeshire,8,52.3056832,-0.0026871,02/07/2023,https://dove.cccbr.org.uk/tower/16854
Over,St Mary,Cambridgeshire,8,52.3178843,0.0120807,,https://dove.cccbr.org.uk/tower/10652
Willingham,St Mary and All Saints,Cambridgeshire,6,52.3146281,0.0593716,,https://dove.cccbr.org.uk/tower/16597
Great Gransden,St Bartholomew,Cambridgeshire,6,52.1841603,-0.1424074,16/07/2023,https://dove.cccbr.org.uk/tower/13807
Histon,St Andrew,Cambridgeshire,8,52.255324,0.1026405,,https://dove.cccbr.org.uk/tower/15629
Stretham,St James,Cambridgeshire,6,52.3486376,0.2190345,03/06/2023,https://dove.cccbr.org.uk/tower/13658
Cambridge,St Clement,Cambridgeshire,6,52.209135,0.118008,,https://dove.cccbr.org.uk/tower/17550
Cambridge,University Church of St Mary the Great,Cambridgeshire,12,52.2053154,0.1182291,,https://dove.cccbr.org.uk/tower/13748
Trumpington,St Mary and St Michael,Cambridgeshire,8,52.1739005,0.1084953,,https://dove.cccbr.org.uk/tower/10245
Cherry Hinton,St Andrew,Cambridgeshire,6,52.191932,0.1779159,,https://dove.cccbr.org.uk/tower/10473
Swaffham Prior,St Cyriac and St Julitta,Cambridgeshire,6,52.2509099,0.2957322,01/07/2024,https://dove.cccbr.org.uk/tower/11811
Sawston,St Mary,Cambridgeshire,8,52.12146,0.171513,,https://dove.cccbr.org.uk/tower/10013
Newmarket,St Mary the Virgin,Suffolk,6,52.244414,0.402367,12/10/2019,https://dove.cccbr.org.uk/detail.php?tower=12240
Barrow,All Saints,Suffolk,6,52.2515126,0.5774221,12/10/2019,https://dove.cccbr.org.uk/detail.php?tower=11780
Horringer,St Leonard,Suffolk,8,52.2261193,0.6717941,12/10/2019,https://dove.cccbr.org.uk/detail.php?tower=14771
Bury St Edmunds,Cathedral Church of St James and St Edmund,Suffolk,12,52.2438889,0.7172222,12/10/2019,https://dove.cccbr.org.uk/detail.php?tower=12587
Theydon Garnon,All Saints,Essex,6,51.673901,0.1271634,,https://dove.cccbr.org.uk/detail.php?tower=16160
South Benfleet,St Mary the Virgin,Essex,6,51.546137,0.5633732,,https://dove.cccbr.org.uk/detail.php?tower=14628
Leigh on Sea,St Clement,Essex,8,51.5413247,0.6542479,,https://dove.cccbr.org.uk/detail.php?tower=16803
Prittlewell,St Mary the Virgin,Essex,10,51.5490219,0.7055889,,https://dove.cccbr.org.uk/detail.php?tower=13422
Hemingford Grey,St James,Cambridgeshire,8,52.320742,-0.1052848,01/09/2023,https://dove.cccbr.org.uk/tower/12009
Bristol,Christ Church,Bristol,10,51.4551627,-2.592994,23/04/2022,https://dove.cccbr.org.uk/detail.php?tower=15455
Bristol,St John on the Wall,Bristol,6,51.4559872,-2.5950198,23/04/2022,https://dove.cccbr.org.uk/detail.php?tower=11615
Bristol,Cathedral Church of Holy and Undivided Trinity,Bristol,8,51.4516518,-2.6006447,23/04/2022,https://dove.cccbr.org.uk/detail.php?tower=10300
Swaffham Bulbeck,St Mary,Cambridgeshire,8,52.2365469,0.2760328,,https://dove.cccbr.org.uk/tower/13661
Ely,St Mary,Cambridgeshire,8,52.398552,0.2597329,07/10/2023,https://dove.cccbr.org.uk/tower/12859
Great Shelford,St Mary,Cambridgeshire,8,52.1458844,0.1304785,15/10/2023,https://dove.cccbr.org.uk/tower/14646
Beaumaris,St Mary and St Nicholas,Gwynedd,8,53.2637431,-4.094351,,https://dove.cccbr.org.uk/tower/11002
Brampton,St Mary Magdalene,Cambridgeshire,6,52.3211071,-0.2189883,28/10/2023,https://dove.cccbr.org.uk/tower/15859
Houghton,St Mary,Cambridgeshire,6,52.3319469,-0.120968,28/10/2023,https://dove.cccbr.org.uk/tower/12946
Bluntisham,St Mary,Cambridgeshire,8,52.351024,0.0135716,08/12/2023,https://dove.cccbr.org.uk/tower/13004
Hilton,St Mary Magdalene,Cambridgeshire,6,52.2778883,-0.1095709,15/12/2023,https://dove.cccbr.org.uk/tower/12439
Hadstock,St Botolph,Essex,6,52.0791361,0.2733126,30/12/2023,https://dove.cccbr.org.uk/tower/12790
Wendens Ambo,St Mary the Virgin,Essex,6,52.00525,0.2027857,30/12/2023,https://dove.cccbr.org.uk/tower/10822
Newport,St Mary the Virgin,Essex,6,51.9846094,0.2129674,30/12/2023,https://dove.cccbr.org.uk/tower/13327
Soham,St Andrew,Cambridgeshire,10,52.3335499,0.3369716,03/02/2024,https://dove.cccbr.org.uk/tower/11376
Wilburton,St Peter,Cambridgeshire,6,52.3530934,0.1712627,09/03/2024,https://dove.cccbr.org.uk/tower/11087
Holywell,St John the Baptist,Cambridgeshire,6,52.3191752,-0.0404739,15/03/2024,https://dove.cccbr.org.uk/tower/15952
Chatteris,St Peter and St Paul,Cambridgeshire,6,52.4548302,0.0509265,02/09/2023,https://dove.cccbr.org.uk/tower/15406
Litlington,St Catherine,Cambridgeshire,6,52.0676416,-0.0905659,17/03/2024,https://dove.cccbr.org.uk/tower/16288
Bottisham,Holy Trinity,Cambridgeshire,6,52.2209414,0.2611989,24/03/2024,https://dove.cccbr.org.uk/tower/14271
Caxton,St Andrew,Cambridgeshire,6,52.2032023,-0.0989398,21/04/2024,https://dove.cccbr.org.uk/tower/16000
Rampton,All Saints,Cambridgeshire,6,52.2925669,0.0931813,26/04/2024,https://dove.cccbr.org.uk/tower/16801
Landbeach,All Saints,Cambridgeshire,6,52.2664277,0.1623858,19/05/2024,https://dove.cccbr.org.uk/tower/15449
St Davids,Cathedral Church of St David and St Andrew,Pembrokeshire,10,51.8819799,-5.2683444,29/05/2024,https://dove.cccbr.org.uk/tower/14312
Haverfordwest,St Mary the Virgin,Pembrokeshire,8,51.8011502,-4.9717876,30/05/2024,https://dove.cccbr.org.uk/tower/10624
Little Shelford,All Saints,Cambridgeshire,6,52.1439062,0.1223521,02/06/2024,https://dove.cccbr.org.uk/tower/11637
Great Wilbraham,St Nicholas,Cambridgeshire,6,52.1963075,0.2641525,30/06/2024,https://dove.cccbr.org.uk/tower/15674
Towcester,St Lawrence,Northamptonshire,12,52.1324406,-0.9874262,05/07/2024,https://dove.cccbr.org.uk/tower/12719
London,St James Garlickhythe,City of London,8,51.5111355,-0.0936763,06/07/2024,https://dove.cccbr.org.uk/tower/16578
London,St Mary le Bow,City of London,12,51.513743,-0.0936438,06/07/2024,https://dove.cccbr.org.uk/tower/10588
London,St Lawrence Jewry,City of London,8,51.515341,-0.0924182,06/07/2024,https://dove.cccbr.org.uk/tower/16020
London,St Giles without Cripplegate,City of London,12,51.5187013,-0.0938786,06/07/2024,https://dove.cccbr.org.uk/tower/16634
London,St Vedast,City of London,6,51.5149254,-0.0962523,06/07/2024,https://dove.cccbr.org.uk/tower/13157
London,St Magnus the Martyr,City of London,12,51.5093617,-0.0863917,06/07/2024,https://dove.cccbr.org.uk/tower/13189
York,Cathedral and Metropolitical Church of St Peter,North Yorkshire,12,53.9623292,-1.0819205,13/07/2024,https://dove.cccbr.org.uk/tower/11340
York,Oratory Church of St Wilfrid,North Yorkshire,10,53.9617662,-1.0846914,13/07/2024,https://dove.cccbr.org.uk/tower/12165
York,St Olave,North Yorkshire,6,53.96234,-1.0890808,13/07/2024,https://dove.cccbr.org.uk/tower/13479
York,Spurriergate Centre,North Yorkshire,6,53.9578837,-1.0826459,13/07/2024,https://dove.cccbr.org.uk/tower/10509
East Dereham,St Nicholas,Norfolk,8,52.6810054,0.9378423,20/07/2024,https://dove.cccbr.org.uk/tower/11591
Haddenham,Holy Trinity,Cambridgeshire,6,52.3592223,0.1483587,03/08/2024,https://dove.cccbr.org.uk/tower/15177
Hemingford Abbots,St Margaret of Antioch,Cambridgeshire,6,52.323749,-0.1192523,03/08/2024,https://dove.cccbr.org.uk/tower/12633
Amesbury,St Mary and St Melor,Wiltshire,8,51.171889,-1.7842751,24/08/2024,https://dove.cccbr.org.uk/tower/13162
Wilton,St Mary and St Nicholas,Wiltshire,6,51.0807512,-1.8657779,24/08/2024,https://dove.cccbr.org.uk/tower/17133
Coombe Bissett,St Michael and All Angels,Wiltshire,6,51.0360751,-1.8471703,24/08/2024,https://dove.cccbr.org.uk/tower/10374
Winterslow,All Saints,Wiltshire,6,51.0914961,-1.6745138,24/08/2024,https://dove.cccbr.org.uk/tower/10387
Zeals,St Martin,Wiltshire,6,51.0847732,-2.3144034,26/08/2024,https://dove.cccbr.org.uk/tower/11806
Mere,St Michael Archangel,Wiltshire,8,51.0893569,-2.2712279,26/08/2024,https://dove.cccbr.org.uk/tower/13817
Buckhorn Weston,St John the Baptist,Dorset,6,51.0212833,-2.3479976,26/08/2024,https://dove.cccbr.org.uk/tower/15173
Stalbridge,St Mary,Dorset,6,50.9625229,-2.3808203,26/08/2024,https://dove.cccbr.org.uk/tower/10983
Meare,Blessed Virgin Mary and All Saints,Somerset,6,51.1719717,-2.7803916,28/08/2024,https://dove.cccbr.org.uk/tower/16777
West Cranmore,St Bartholomew,Somerset,6,51.1882,-2.4761,28/08/2024,https://dove.cccbr.org.uk/tower/15799
West Pennard,St Nicholas,Somerset,6,51.1418386,-2.6416932,28/08/2024,https://dove.cccbr.org.uk/tower/13500
Wookey,St Matthew,Somerset,6,51.2092967,-2.6906451,28/08/2024,https://dove.cccbr.org.uk/tower/14911
Filton,St Peter,Gloucestershire,6,51.5103173,-2.5733764,27/08/2024,https://dove.cccbr.org.uk/tower/12267
Frampton Cotterell,St Peter,Gloucestershire,6,51.535945,-2.4805891,27/08/2024,https://dove.cccbr.org.uk/tower/15027
Frenchay,St John the Baptist,Gloucestershire,6,51.4950639,-2.5208678,27/08/2024,https://dove.cccbr.org.uk/tower/12063
Horton,St James the Elder,Gloucestershire,6,51.5637836,-2.3390043,27/08/2024,https://dove.cccbr.org.uk/tower/16303
Erlestoke,Holy Saviour,Wiltshire,6,51.2844591,-2.0515754,29/08/2024,https://dove.cccbr.org.uk/tower/14102
Great Cheverell,St Peter,Wiltshire,6,51.287861,-2.0291161,29/08/2024,https://dove.cccbr.org.uk/tower/15545
Holt,St Katharine,Wiltshire,6,51.3533115,-2.2014081,29/08/2024,https://dove.cccbr.org.uk/tower/14110
Westwood,St Mary the Virgin,Wiltshire,6,51.3298965,-2.2710318,29/08/2024,https://dove.cccbr.org.uk/tower/16178
Devizes,St Mary,Wiltshire,6,51.3534541,-1.9927522,30/08/2024,https://dove.cccbr.org.uk/tower/14906
Welwyn,St Mary the Virgin,Hertfordshire,8,51.8315019,-0.2149117,31/08/2024,https://dove.cccbr.org.uk/tower/14639
Wisbech,St Peter and St Paul,Cambridgeshire,10,52.6639883,0.1619949,14/09/2024,https://dove.cccbr.org.uk/tower/11719
Campton,All Saints,Bedfordshire,8,52.0287236,-0.3544006,03/11/2024,https://dove.cccbr.org.uk/tower/15134
Biggleswade,St Andrew,Bedfordshire,10,52.0886671,-0.2677163,16/11/2024,https://dove.cccbr.org.uk/tower/16357
Burwell,St Mary,Cambridgeshire,8,52.2697644,0.3281379,05/01/2025,https://dove.cccbr.org.uk/tower/13607
Pampisford,St John the Baptist,Cambridgeshire,6,52.1122779,0.1857812,15/02/2025,https://dove.cccbr.org.uk/tower/15898
Duxford,St Peter,Cambridgeshire,6,52.0923274,0.1597606,15/02/2025,https://dove.cccbr.org.uk/tower/12125
Lakenheath,St Mary,Suffolk,6,52.4158343,0.5195881,20/02/2025,https://dove.cccbr.org.uk/tower/12368
Mundford,St Leonard,Norfolk,6,52.5122217,0.6513908,20/02/2025,https://dove.cccbr.org.uk/tower/15303
Hockwold cum Wilton,St James,Norfolk,6,52.4624794,0.5519367,20/02/2025,https://dove.cccbr.org.uk/tower/15920
Scarning,St Peter and St Paul,Norfolk,6,52.6722117,0.8885994,05/04/2025,https://dove.cccbr.org.uk/tower/14245
Gressenhall,St Mary,Norfolk,10,52.7017038,0.8978007,13/07/2024,https://dove.cccbr.org.uk/tower/10047
Beetley,St Mary,Norfolk,8,52.728412,0.9217366,13/07/2024,https://dove.cccbr.org.uk/tower/14067
Swanton Morley,All Saints,Norfolk,6,52.7161849,0.988568,13/07/2024,https://dove.cccbr.org.uk/tower/13107
Basildon,St Martin of Tours,Essex,8,51.5706816,0.4552607,,https://dove.cccbr.org.uk/detail.php?tower=11028
Alconbury,St Peter and St Paul,Cambridgeshire,6,52.370346,-0.261502,31/05/2025,https://dove.cccbr.org.uk/tower/12292
Catworth,St Leonard,Cambridgeshire,6,52.3475917,-0.4031146,31/05/2025,https://dove.cccbr.org.uk/tower/16113
Yaxley,St Peter,Cambridgeshire,6,52.511765,-0.267058,31/05/2025,https://dove.cccbr.org.uk/tower/14850
Peterborough,"Cathedral Church of St Peter, St Paul, and St Andrew",Cambridgeshire,12,52.5724835,-0.2392101,15/06/2025,https://dove.cccbr.org.uk/tower/16247
Boston,St Botolph,Lincolnshire,10,52.978585,-0.025386,21/06/2025,https://dove.cccbr.org.uk/tower/15592
Husborne Crawley,St James,Bedfordshire,8,52.0162592,-0.6087652,04/07/2025,https://dove.cccbr.org.uk/tower/13235
Edgbaston,St Bartholomew,West Midlands,8,52.4607752,-1.9172355,05/07/2025,https://dove.cccbr.org.uk/tower/10824
Walsall,St Matthew,West Midlands,12,52.582541,-1.9769932,05/07/2025,https://dove.cccbr.org.uk/tower/15867
Solihull,St Alphege,West Midlands,12,52.411353,-1.7758691,05/07/2025,https://dove.cccbr.org.uk/tower/11354
Birmingham,St Paul,West Midlands,10,52.4851715,-1.905818,05/07/2025,https://dove.cccbr.org.uk/tower/12955
Birmingham,St Martin,West Midlands,16,52.4770256,-1.893224,05/07/2025,https://dove.cccbr.org.uk/tower/14891
Balsham,Holy Trinity,Cambridgeshire,6,52.1331258,0.3185177,06/07/2025,https://dove.cccbr.org.uk/tower/11619
Abergavenny,St Mary,Monmouthshire,10,51.8214684,-3.0153331,12/07/2025,https://dove.cccbr.org.uk/tower/10227
Bassaleg,St Basil,Newport,8,51.5782822,-3.0444286,12/07/2025,https://dove.cccbr.org.uk/tower/12626
Amersham,St Mary the Virgin,Buckinghamshire,12,51.6668725,-0.6161284,30/07/2025,https://dove.cccbr.org.uk/tower/14913
Rickmansworth,St Mary the Virgin,Hertfordshire,10,51.6368302,-0.4679485,30/07/2025,https://dove.cccbr.org.uk/tower/15098
Watford,St Mary,Hertfordshire,10,51.6545869,-0.3960496,06/08/2025,https://dove.cccbr.org.uk/tower/10317
Cambridge,Our Lady and the English Martyrs,Cambridgeshire,8,52.1989095,0.1272564,06/08/2025,https://dove.cccbr.org.uk/tower/12645
Harston,All Saints,Cambridgeshire,6,52.1388138,0.0706175,10/08/2025,https://dove.cccbr.org.uk/tower/11244
Pitcombe,St Leonard,Somerset,6,51.0928416,-2.4686978,23/08/2025,https://dove.cccbr.org.uk/tower/14159
Batcombe,Blessed Virgin Mary,Somerset,6,51.1493,-2.4439,23/08/2025,https://dove.cccbr.org.uk/tower/10323
Pylle,St Thomas a Becket,Somerset,6,51.1429128,-2.5630009,24/08/2025,https://dove.cccbr.org.uk/tower/10923
Wanstrow,Blessed Virgin Mary,Somerset,6,51.173471,-2.416434,23/08/2025,https://dove.cccbr.org.uk/tower/11122
Stratford sub Castle,St Lawrence,Wiltshire,6,51.0927489,-1.815328,25/08/2025,https://dove.cccbr.org.uk/tower/12115
Barford St Martin,St Martin,Wiltshire,6,51.0817932,-1.9206206,25/08/2025,https://dove.cccbr.org.uk/tower/10215
Chilmark,St Margaret of Antioch,Wiltshire,6,51.0943575,-2.044317,25/08/2025,https://dove.cccbr.org.uk/tower/15029
Fovant,St George,Wiltshire,6,51.065366,-2.0069146,25/08/2025,https://dove.cccbr.org.uk/tower/16374
Sutton Veny,St John the Evangelist,Wiltshire,6,51.1745866,-2.1405981,26/08/2025,https://dove.cccbr.org.uk/tower/13102
Horningsham,St John the Baptist,Wiltshire,6,51.1716657,-2.2579607,26/08/2025,https://dove.cccbr.org.uk/tower/16661
Maiden Bradley,All Saints,Wiltshire,6,51.1467478,-2.2821237,26/08/2025,https://dove.cccbr.org.uk/tower/13735
Stourton,St Peter,Wiltshire,6,51.1043668,-2.3207874,26/08/2025,https://dove.cccbr.org.uk/tower/16419
Milborne St Andrew,St Andrew,Dorset,6,50.7757585,-2.2833595,27/08/2025,https://dove.cccbr.org.uk/tower/10067
Hilton,All Saints,Dorset,6,50.825886,-2.311378,27/08/2025,https://dove.cccbr.org.uk/tower/10684
Mappowder,St Peter and St Paul,Dorset,6,50.8528191,-2.3773062,27/08/2025,https://dove.cccbr.org.uk/tower/11134
Piddletrenthide,All Saints,Dorset,6,50.8053485,-2.4241614,27/08/2025,https://dove.cccbr.org.uk/tower/16701
Steeple Ashton,St Mary the Virgin,Wiltshire,6,51.3130548,-2.135581,28/08/2025,https://dove.cccbr.org.uk/tower/11321
Keevil,St Leonard,Wiltshire,6,51.320962,-2.1195734,28/08/2025,https://dove.cccbr.org.uk/tower/13960
Meldreth,Holy Trinity,Cambridgeshire,8,52.1027179,0.0101344,14/09/2025,https://dove.cccbr.org.uk/tower/16937
Nottingham,All Saints,Nottinghamshire,10,52.9601093,-1.1611198,23/09/2025,https://dove.cccbr.org.uk/tower/16412
Beeston,St John the Baptist,Nottinghamshire,10,52.9254568,-1.21665,24/09/2025,https://dove.cccbr.org.uk/tower/14670
Loughborough,Bell Foundry Tower,Leicestershire,12,52.773127,-1.198326,25/09/2025,https://dove.cccbr.org.uk/tower/10191
Stafford,St Mary,Staffordshire,12,52.806409,-2.1182133,27/09/2025,https://dove.cccbr.org.uk/tower/16829
Wollaton,St Leonard,Nottinghamshire,6,52.9529679,-1.2201258,10/10/2025,https://dove.cccbr.org.uk/tower/12674
Kegworth,St Andrew,Leicestershire,8,52.8356747,-1.2777434,11/10/2025,https://dove.cccbr.org.uk/tower/13061
Stanford on Soar,St John the Baptist,Nottinghamshire,8,52.7927662,-1.1957657,11/10/2025,https://dove.cccbr.org.uk/tower/15756
Nottingham,St Peter,Nottinghamshire,12,52.9522586,-1.1486631,19/10/2025,https://dove.cccbr.org.uk/tower/16058
Ruddington,St Peter,Nottinghamshire,8,52.8928298,-1.1506199,07/11/2025,https://dove.cccbr.org.uk/tower/13405
Derby,Cathedral Church of All Saints,Derbyshire,10,52.924791,-1.4777617,09/11/2025,https://dove.cccbr.org.uk/tower/16607
Daybrook,St Paul,Nottinghamshire,8,53.0006131,-1.1378009,15/11/2025,https://dove.cccbr.org.uk/tower/15411
Nottingham,St Mary the Virgin,Nottinghamshire,12,52.9512466,-1.1430737,15/11/2025,https://dove.cccbr.org.uk/tower/10637
Peterborough,St John the Baptist,Cambridgeshire,8,52.5727032,-0.2438311,06/12/2025,https://dove.cccbr.org.uk/tower/16041
Old Fletton,St Margaret,Cambridgeshire,5,52.5584016,-0.2351251,06/12/2025,https://dove.cccbr.org.uk/tower/13106
Stanground,St John the Baptist,Cambridgeshire,6,52.5618577,-0.23134,06/12/2025,https://dove.cccbr.org.uk/tower/10714
West Wratting,St Andrew,Cambridgeshire,6,52.1460946,0.3457798,14/12/2025,https://dove.cccbr.org.uk/tower/12163
Cambridge,St Bene't,Cambridgeshire,6,52.2038062,0.1182352,02/01/2026,https://dove.cccbr.org.uk/tower/16664
Cottenham,All Saints,Cambridgeshire,6,52.296555,0.132485,03/01/2026,https://dove.cccbr.org.uk/tower/14338
Burton upon Trent,St Chad,Staffordshire,8,52.8179548,-1.6359975,25/01/2026,https://dove.cccbr.org.uk/tower/17100
Ordsall,All Hallows,Nottinghamshire,6,53.309692,-0.944363,31/01/2026,https://dove.cccbr.org.uk/tower/14166
Babworth,All Saints,Nottinghamshire,6,53.3199632,-0.9715358,31/01/2026,https://dove.cccbr.org.uk/tower/10636
Retford,St Swithun,Nottinghamshire,10,53.3241534,-0.9408221,31/01/2026,https://dove.cccbr.org.uk/tower/16540
Warboys,St Mary Magdalene,Cambridgeshire,6,52.4012766,-0.0867856,29/12/2025,https://dove.cccbr.org.uk/tower/15035
Ramsey,St Thomas a Becket,Cambridgeshire,6,52.4490507,-0.1024155,29/12/2025,https://dove.cccbr.org.uk/tower/15018
Clifton,St Mary the Virgin,Nottinghamshire,8,52.9079672,-1.1968991,07/02/2026,https://dove.cccbr.org.uk/tower/15190
Edwalton,Holy Rood,Nottinghamshire,6,52.9092356,-1.1114279,27/02/2026,https://dove.cccbr.org.uk/tower/10656
Melbourne,St Michael,Derbyshire,12,52.8210945,-1.4241659,12/03/2026,https://dove.cccbr.org.uk/tower/10249
Tutbury,St Mary the Virgin,Staffordshire,8,52.8590999,-1.6877807,22/03/2026,https://dove.cccbr.org.uk/tower/14535
Isleham,St Andrew,Cambridgeshire,6,52.3431198,0.4114889,06/04/2026,https://dove.cccbr.org.uk/tower/12845
Westminster,St Martin in the Fields,City of Westminster,12,51.5087908,-0.1267527,08/04/2026,https://dove.cccbr.org.uk/tower/15153
Woburn,St Mary,Bedfordshire,8,51.9896896,-0.61735,11/04/2026,https://dove.cccbr.org.uk/tower/13400
Leighton Buzzard,All Saints,Bedfordshire,12,51.9147676,-0.6651783,11/04/2026,https://dove.cccbr.org.uk/tower/10931
Stanbridge,St John the Baptist,Bedfordshire,6,51.9084697,-0.5975333,11/04/2026,https://dove.cccbr.org.uk/tower/13034
Totternhoe,St Giles,Bedfordshire,8,51.8777919,-0.565553,11/04/2026,https://dove.cccbr.org.uk/tower/13097
Studham,St Mary the Virgin,Bedfordshire,6,51.8331774,-0.5270364,11/04/2026,https://dove.cccbr.org.uk/tower/15440
Gamlingay,St Mary the Virgin,Cambridgeshire,8,52.1549666,-0.187277,18/04/2026,https://dove.cccbr.org.uk/tower/12965
Newark on Trent,St Mary Magdalene,Nottinghamshire,10,53.0766722,-0.8082139,03/05/2026,https://dove.cccbr.org.uk/tower/11448
Thrybergh,St Leonard,South Yorkshire,6,53.4541036,-1.2985307,09/05/2026,https://dove.cccbr.org.uk/tower/12011
Breadsall,All Saints,Derbyshire,10,52.9542683,-1.4490054,16/05/2026,https://dove.cccbr.org.uk/tower/14117
Duffield,St Alkmund,Derbyshire,10,52.9811707,-1.4808335,16/05/2026,https://dove.cccbr.org.uk/tower/11235
Conington,St Mary,Cambridgeshire,4,52.2768096,-0.06642,06/06/2026,https://dove.cccbr.org.uk/tower/12209
Stowmarket,St Peter and St Mary,Suffolk,10,52.1883026,0.9964356,13/06/2026,https://dove.cccbr.org.uk/tower/10131
Wicken,St Laurence,Cambridgeshire,5,52.3106359,0.3121836,11/07/2026,https://dove.cccbr.org.uk/tower/14544
Great Livermere,St Peter,Suffolk,5,52.3081896,0.7641168,01/08/2026,https://dove.cccbr.org.uk/tower/11953
Ampton,St Peter,Suffolk,4,52.3070568,0.7358786,01/08/2026,https://dove.cccbr.org.uk/tower/16426
Ingham,St Bartholomew,Suffolk,5,52.3016643,0.7195279,01/08/2026,https://dove.cccbr.org.uk/tower/14922
Fornham All Saints,All Saints,Suffolk,5,52.273551,0.689785,01/08/2026,https://dove.cccbr.org.uk/tower/15829
"Devizes, Southbroom",St James,Wiltshire,6,51.352681,-1.9858516,24/08/2026,https://dove.cccbr.org.uk/tower/12466
Heddington,St Andrew,Wiltshire,6,51.3949301,-2.002381,24/08/2026,https://dove.cccbr.org.uk/tower/14284
Bremhill,St Martin,Wiltshire,6,51.4560297,-2.0305112,24/08/2026,https://dove.cccbr.org.uk/tower/14244
Hilmarton,St Lawrence,Wiltshire,6,51.4770178,-1.9725572,24/08/2026,https://dove.cccbr.org.uk/tower/14469
Chiseldon,Holy Cross,Wiltshire,6,51.5182883,-1.7316804,25/08/2026,https://dove.cccbr.org.uk/tower/10449
Wroughton,St John the Baptist and St Helen,Wiltshire,6,51.5209702,-1.8030372,25/08/2026,https://dove.cccbr.org.uk/tower/14647
Lyneham,St Michael,Wiltshire,6,51.5075435,-1.9669817,25/08/2026,https://dove.cccbr.org.uk/tower/15954
Avebury,St James,Wiltshire,8,51.4285321,-1.8579162,25/08/2026,https://dove.cccbr.org.uk/tower/14799
Swainswick,Blessed Virgin Mary,Somerset,6,51.4142068,-2.3514747,26/08/2026,https://dove.cccbr.org.uk/tower/15089
Bathampton,St Nicholas,Somerset,6,51.3972803,-2.3210718,26/08/2026,https://dove.cccbr.org.uk/tower/12062
Lansdown,St Stephen,Somerset,6,51.3929316,-2.3635405,26/08/2026,https://dove.cccbr.org.uk/tower/12686
Widcombe,St Matthew,Somerset,6,51.376388,-2.3520594,26/08/2026,https://dove.cccbr.org.uk/tower/15243
Fordham,St Peter and St Mary Magdalene,Cambridgeshire,8,52.31037,0.39456,31/08/2026,https://dove.cccbr.org.uk/tower/16615
,,,,,,,